<wpml-config>
    <custom-fields>
        <custom-field action="translate">gdlr-core-page-builder</custom-field>
        <custom-field action="translate">gdlr-core-page-option</custom-field>
    </custom-fields>
    <custom-types>
        <custom-type translate="1">portfolio</custom-type>
        <custom-type translate="1">personnel</custom-type>
    </custom-types>
    <taxonomies>
        <taxonomy translate="1">portfolio_tag</taxonomy>
        <taxonomy translate="1">portfolio_category</taxonomy>
        <taxonomy translate="1">personnel_category</taxonomy>
        <taxonomy translate="1">page_category</taxonomy>
    </taxonomies>
    <admin-texts>
        <key name="gdlr_general">
            <key name="top-bar-left-text" />
            <key name="top-bar-right-text" />
            <key name="logo-right-text" />
            <key name="main-navigation-right-button-text" />
            <key name="copyright-text" />
        </key>
    </admin-texts>
</wpml-config>
